{"options":{},"indexes":[{"v":1,"key":{"_id":1},"name":"_id_","ns":"customermanager.customers"},{"v":1,"unique":true,"key":{"id":1},"name":"id_1","ns":"customermanager.customers","background":true},{"v":1,"key":{"id":1,"type":1},"name":"id_1_type_1","ns":"customermanager.customers","background":true},{"v":1,"key":{"_fts":"text","_ftsx":1},"name":"firstName_text_lastName_text_email_text","ns":"customermanager.customers","weights":{"email":1,"firstName":1,"lastName":1},"default_language":"english","language_override":"language","textIndexVersion":2}]}